Suburb,Mar_2000,Jun_2000,Sep_2000,Dec_2000,Mar_2001,Jun_2001,Sep_2001,Dec_2001,Mar_2002,Jun_2002,Sep_2002,Dec_2002,Mar_2003,Jun_2003,Sep_2003,Dec_2003,Mar_2004,Jun_2004,Sep_2004,Dec_2004,Mar_2005,Jun_2005,Sep_2005,Dec_2005,Mar_2006,Jun_2006,Sep_2006,Dec_2006,Mar_2007,,Jun_2007,,Sep_2007,Dec_2007,Mar_2008,Jun_2008,Sep_2008,Dec_2008,Mar_2009,Jun_2009,Sep_2009,Dec_2009,Mar_2010,Jun_2010,Sep_2010,Dec_2010,Mar_2011,Jun_2011,Sep_2011,Dec_2011,Mar_2012,Jun_2012,Sep_2012,Dec_2012,Mar_2013,Jun_2013,Sep_2013,Dec_2013,Mar_2014,Jun_2014,Sep_2014,Dec_2014,Mar_2015,Jun_2015,Sep_2015,Dec_2015,Mar_2016,Jun_2016,Sep_2016,Dec_2016,Mar_2017,Jun_2017,Sep_2017,Dec_2017,Mar_2018,Jun_2018,Sep_2018,Dec_2018,Mar_2019,Jun_2019,Sep_2019,Dec_2019,Mar_2020,Jun_2020,Sep_2020,Dec_2020,Mar_2021,Jun_2021,Sep_2021
Albert Park-Middle Park-West St Kilda,$260,$260,$270,$275,$275,$280,$280,$290,$300,$300,$300,$300,$295,$290,$295,$295,$300,$300,$300,$300,$300,$300,$310,$300,$313,$320,$310,$325,$345,865,$350,839,$375,$380,$380,$389,$390,$400,$410,$420,$420,$420,$425,$425,$430,$440,$440,$440,$450,$450,$450,$460,$460,$470,$470,$465,$451,$460,$460,$470,$480,$480,$480,$495,$495,$500,$520,$500,$520,$520,$520,$531,$530,$530,$550,$560,$570,$570,$550,$560,$565,$595,$600,$585,$560,$550,$500,$500,$500
Armadale,$200,$200,$205,$210,$215,$220,$225,$230,$235,$230,$230,$230,$235,$235,$240,$240,$240,$235,$240,$240,$240,$243,$245,$245,$250,$260,$265,$270,$280,642,$290,621,$300,$310,$320,$330,$335,$340,$350,$350,$350,$351,$360,$360,$365,$370,$380,$380,$380,$390,$385,$385,$385,$385,$395,$395,$395,$395,$390,$395,$390,$400,$400,$398,$400,$400,$400,$400,$400,$410,$420,$440,$450,$470,$480,$490,$495,$480,$480,$480,$480,$485,$500,$500,$500,$495,$450,$440,$425
Carlton North,$260,$260,$265,$270,$270,$275,$280,$280,$290,$290,$290,$290,$290,$290,$290,$290,$295,$300,$300,$300,$300,$300,$300,$305,$320,$320,$321,$330,$330,527,$340,501,$350,$360,$380,$380,$395,$400,$400,$410,$420,$420,$423,$440,$450,$450,$450,$460,$470,$480,$495,$500,$495,$490,$480,$490,$500,$500,$510,$510,$520,$520,$530,$530,$530,$530,$530,$530,$520,$523,$530,$540,$550,$560,$562,$560,$570,$575,$580,$577,$580,$580,$585,$590,$590,$590,$580,$580,$578
Carlton-Parkville,$260,$260,$260,$260,$260,$260,$265,$270,$270,$270,$275,$280,$280,$280,$280,$285,$285,$285,$280,$280,$281,$280,$280,$280,$275,$275,$275,$275,$275,"2,665",$280,"2,634",$280,$283,$290,$290,$290,$290,$310,$317,$320,$325,$340,$340,$340,$340,$340,$340,$340,$340,$340,$340,$340,$340,$346,$346,$346,$350,$355,$351,$350,$351,$351,$361,$380,$370,$373,$370,$370,$380,$395,$395,$400,$400,$410,$410,$420,$428,$439,$440,$430,$420,$404,$400,$400,$395,$350,$340,$330
CBD-St Kilda Rd,$320,$320,$320,$320,$320,$320,$320,$320,$320,$320,$320,$320,$310,$310,$300,$300,$300,$300,$300,$300,$300,$303,$303,$310,$310,$315,$320,$320,$340,"5,322",$350,"5,199",$350,$360,$370,$380,$390,$400,$400,$400,$400,$400,$410,$410,$420,$420,$420,$430,$430,$430,$440,$440,$440,$445,$450,$449,$440,$435,$430,$435,$435,$440,$440,$440,$440,$449,$450,$450,$450,$460,$470,$480,$480,$490,$495,$495,$490,$495,$500,$500,$510,$510,$510,$495,$460,$420,$380,$370,$350
Collingwood-Abbotsford,$230,$230,$240,$240,$245,$250,$250,$250,$250,$260,$260,$260,$260,$260,$265,$265,$270,$270,$270,$275,$275,$277,$280,$275,$280,$285,$290,$300,$310,666,$323,650,$330,$350,$350,$360,$375,$385,$395,$395,$395,$400,$400,$410,$420,$420,$420,$427,$430,$450,$450,$450,$450,$450,$450,$450,$470,$470,$450,$450,$430,$425,$430,$430,$440,$440,$440,$450,$450,$450,$450,$450,$460,$473,$480,$475,$475,$485,$490,$495,$495,$500,$500,$490,$480,$460,$450,$430,$425
Docklands,-,$340,-,-,-,-,-,-,$320,$340,$350,$350,$350,$350,$350,$350,$360,$365,$380,$370,$370,$370,$370,$370,$375,$375,$380,$390,$410,"1,040",$420,"1,084",$430,$440,$450,$450,$475,$480,$500,$500,$500,$500,$500,$500,$501,$510,$530,$540,$530,$530,$530,$530,$510,$500,$500,$500,$510,$500,$500,$500,$495,$500,$500,$500,$500,$510,$520,$530,$530,$520,$520,$510,$520,$540,$550,$550,$550,$550,$570,$580,$575,$580,$570,$550,$500,$460,$420,$400,$400
East Melbourne,$265,$268,$280,$273,$290,$295,$300,$320,$320,$320,$320,$300,$295,$295,$300,$300,$300,$300,$295,$295,$300,$305,$300,$300,$300,$300,$310,$320,$335,580,$335,532,$340,$350,$350,$370,$380,$388,$390,$390,$400,$400,$400,$410,$415,$425,$430,$440,$450,$450,$450,$450,$460,$468,$460,$460,$460,$460,$460,$470,$460,$460,$465,$450,$470,$473,$470,$479,$480,$475,$495,$495,$495,$500,$500,$500,$510,$500,$495,$500,$520,$550,$550,$550,$515,$495,$450,$450,$450
East St Kilda,$180,$180,$180,$185,$185,$190,$195,$195,$200,$200,$200,$200,$200,$210,$210,$210,$215,$215,$215,$215,$220,$220,$220,$220,$225,$225,$230,$235,$244,"1,455",$255,"1,377",$261,$270,$280,$290,$300,$300,$320,$320,$320,$325,$330,$335,$345,$350,$350,$350,$355,$350,$360,$360,$360,$360,$360,$360,$360,$360,$365,$370,$370,$360,$360,$360,$365,$375,$385,$385,$390,$390,$400,$400,$400,$400,$400,$400,$410,$415,$420,$420,$425,$425,$425,$425,$420,$410,$395,$390,$380
Elwood,$200,$200,$200,$210,$220,$220,$220,$230,$230,$230,$230,$230,$230,$231,$235,$240,$240,$241,$244,$245,$245,$245,$250,$250,$250,$250,$260,$270,$275,"1,682",$285,"1,660",$295,$300,$310,$320,$330,$335,$350,$350,$350,$350,$350,$360,$360,$370,$375,$380,$381,$390,$390,$395,$390,$390,$390,$390,$390,$395,$395,$390,$390,$395,$395,$400,$400,$400,$400,$400,$410,$410,$418,$420,$420,$420,$430,$430,$440,$440,$450,$450,$450,$450,$450,$450,$450,$440,$425,$422,$420
Fitzroy,$250,$250,$255,$260,$265,$270,$275,$280,$280,$280,$280,$280,$295,$300,$300,$300,$295,$290,$300,$300,$300,$300,$303,$310,$310,$310,$325,$337,$350,560,$350,548,$360,$360,$370,$380,$400,$400,$420,$420,$420,$420,$445,$450,$450,$460,$460,$470,$480,$480,$485,$490,$485,$485,$485,$490,$495,$510,$500,$520,$504,$499,$500,$500,$500,$525,$510,$510,$510,$525,$530,$530,$530,$533,$550,$555,$560,$570,$585,$595,$595,$590,$572,$570,$565,$550,$550,$535,$525
Fitzroy North-Clifton Hill,$240,$245,$245,$250,$250,$255,$260,$260,$268,$270,$275,$275,$280,$275,$270,$280,$280,$280,$290,$285,$285,$290,$290,$300,$300,$300,$310,$310,$320,856,$330,825,$340,$350,$360,$373,$380,$390,$390,$400,$410,$420,$420,$430,$440,$450,$450,$450,$460,$460,$460,$460,$470,$470,$480,$490,$490,$495,$495,$495,$495,$495,$500,$500,$500,$500,$500,$500,$500,$510,$510,$520,$530,$540,$550,$550,$550,$550,$560,$570,$570,$560,$560,$550,$550,$550,$530,$530,$540
Flemington-Kensington,$210,$200,$210,$215,$220,$230,$230,$240,$240,$240,$240,$240,$245,$250,$250,$250,$250,$250,$250,$250,$250,$250,$255,$255,$260,$260,$265,$270,$280,"1,144",$280,"1,075",$280,$290,$300,$320,$340,$350,$350,$350,$350,$360,$360,$365,$365,$370,$370,$370,$380,$380,$380,$385,$380,$380,$380,$380,$385,$390,$385,$390,$390,$390,$395,$395,$395,$400,$400,$400,$400,$400,$410,$415,$410,$410,$415,$420,$425,$430,$430,$440,$445,$445,$445,$440,$440,$435,$420,$400,$395
North Melbourne-West Melbourne,$230,$240,$240,$242,$250,$250,$250,$250,$255,$255,$258,$260,$265,$270,$270,$270,$270,$270,$270,$280,$275,$280,$280,$280,$290,$290,$295,$300,$292,"1,336",$300,"1,389",$300,$300,$320,$340,$350,$350,$350,$360,$395,$400,$380,$380,$360,$380,$400,$400,$400,$400,$390,$390,$380,$375,$385,$390,$395,$400,$395,$390,$395,$400,$395,$400,$400,$395,$395,$400,$410,$410,$420,$420,$420,$430,$440,$440,$450,$450,$450,$450,$450,$450,$460,$455,$450,$420,$395,$375,$370
Port Melbourne,$335,$350,$350,$340,$350,$350,$350,$360,$360,$360,$360,$350,$350,$350,$350,$360,$350,$350,$350,$350,$350,$350,$350,$350,$360,$360,$370,$370,$380,"1,338",$390,"1,331",$400,$420,$430,$450,$450,$460,$470,$475,$480,$490,$480,$490,$495,$500,$520,$515,$526,$530,$540,$540,$550,$540,$525,$530,$520,$525,$530,$530,$535,$530,$530,$540,$550,$550,$550,$550,$550,$560,$560,$570,$570,$590,$600,$600,$620,$615,$610,$600,$620,$620,$630,$600,$590,$590,$575,$590,$590
Prahran-Windsor,$220,$225,$230,$240,$245,$240,$245,$250,$250,$260,$260,$260,$260,$260,$260,$260,$260,$260,$260,$265,$270,$270,$270,$275,$275,$280,$285,$293,$300,"1,584",$301,"1,517",$320,$320,$340,$350,$350,$360,$360,$360,$360,$360,$370,$370,$375,$380,$380,$390,$395,$395,$400,$400,$390,$390,$385,$380,$380,$388,$385,$385,$390,$395,$400,$400,$400,$400,$395,$400,$400,$400,$400,$410,$420,$425,$430,$440,$435,$430,$435,$440,$450,$450,$450,$450,$450,$430,$425,$420,$410
Richmond-Burnley,$240,$250,$255,$260,$265,$270,$270,$275,$275,$270,$270,$270,$280,$280,$285,$285,$285,$290,$290,$290,$290,$290,$300,$300,$300,$310,$320,$325,$340,"1,879",$341,"1,855",$350,$360,$370,$376,$385,$395,$400,$405,$420,$420,$430,$438,$440,$450,$450,$450,$460,$460,$460,$465,$450,$460,$470,$475,$480,$470,$470,$470,$475,$480,$480,$475,$475,$480,$480,$490,$490,$490,$495,$500,$500,$518,$520,$515,$510,$520,$520,$530,$525,$525,$525,$525,$525,$500,$480,$465,$460
South Melbourne,$285,$285,$286,$295,$300,$305,$310,$315,$325,$330,$325,$330,$320,$320,$320,$323,$325,$325,$320,$320,$320,$330,$335,$330,$340,$350,$350,$350,$365,710,$380,673,$390,$395,$400,$410,$440,$450,$450,$450,$450,$458,$470,$470,$470,$475,$470,$480,$480,$490,$500,$500,$500,$500,$500,$500,$495,$495,$500,$500,$500,$500,$500,$495,$495,$499,$500,$500,$500,$500,$500,$510,$515,$520,$520,$520,$525,$530,$530,$540,$550,$550,$549,$530,$510,$490,$450,$430,$430
South Yarra,$230,$230,$230,$240,$240,$240,$245,$250,$250,$250,$250,$255,$250,$250,$259,$260,$265,$265,$260,$265,$265,$265,$270,$270,$275,$280,$285,$290,$300,"2,341",$300,"2,273",$312,$325,$340,$350,$350,$360,$365,$365,$370,$380,$380,$381,$390,$390,$395,$395,$395,$400,$400,$405,$410,$418,$415,$410,$410,$400,$400,$400,$410,$410,$415,$420,$420,$425,$435,$440,$440,$450,$450,$450,$450,$450,$460,$465,$470,$470,$475,$480,$490,$495,$485,$475,$450,$435,$420,$400,$400
Southbank,$330,$335,$335,$335,$340,$350,$350,$350,$355,$360,$355,$350,$350,$350,$350,$355,$350,$355,$360,$360,$370,$370,$370,$370,$375,$380,$385,$395,$404,"1,401",$420,"1,370",$430,$440,$450,$460,$476,$480,$495,$500,$500,$500,$510,$510,$520,$520,$515,$520,$530,$530,$530,$530,$530,$525,$525,$510,$500,$500,$500,$500,$510,$510,$520,$520,$525,$520,$530,$530,$535,$540,$540,$540,$540,$540,$540,$540,$540,$545,$550,$550,$550,$560,$551,$528,$470,$430,$400,$400,$400
St Kilda,$200,$200,$200,$208,$210,$220,$220,$220,$220,$225,$230,$230,$235,$240,$240,$240,$250,$245,$245,$245,$240,$245,$250,$250,$250,$255,$260,$269,$275,"2,691",$280,"2,626",$290,$295,$300,$300,$315,$320,$330,$340,$340,$350,$350,$350,$350,$360,$360,$370,$370,$380,$380,$380,$380,$380,$380,$380,$380,$380,$380,$375,$380,$380,$380,$380,$380,$380,$390,$395,$400,$400,$400,$405,$410,$415,$420,$420,$420,$420,$425,$430,$430,$430,$430,$430,$420,$400,$390,$380,$375
Toorak,$250,$250,$250,$250,$250,$250,$250,$250,$255,$255,$260,$260,$260,$260,$260,$260,$269,$270,$270,$265,$270,$265,$265,$265,$269,$280,$280,$280,$285,690,$290,699,$300,$325,$350,$370,$375,$380,$380,$380,$390,$393,$400,$400,$400,$400,$400,$410,$420,$430,$445,$450,$450,$450,$440,$440,$445,$450,$455,$450,$450,$450,$445,$450,$450,$460,$460,$465,$465,$460,$473,$475,$490,$495,$500,$500,$500,$500,$500,$500,$500,$500,$518,$525,$535,$520,$515,$500,$500
Balwyn,$240,$245,$250,$250,$250,$250,$260,$260,$270,$275,$275,$275,$270,$270,$280,$280,$280,$280,$280,$285,$293,$293,$291,$290,$288,$290,$300,$300,$320,652,$325,654,$338,$350,$370,$380,$385,$395,$400,$400,$410,$410,$410,$420,$425,$448,$450,$450,$450,$450,$450,$450,$460,$460,$450,$460,$470,$460,$465,$460,$460,$480,$480,$495,$500,$497,$500,$500,$500,$508,$500,$500,$500,$500,$500,$520,$520,$530,$540,$540,$530,$550,$550,$550,$560,$550,$548,$520,$520
Blackburn,$195,$200,$200,$200,$200,$210,$210,$210,$215,$220,$220,$220,$220,$225,$225,$225,$230,$230,$235,$235,$240,$243,$245,$250,$250,$250,$250,$260,$270,574,$270,584,$280,$290,$300,$310,$320,$330,$340,$340,$345,$350,$350,$355,$360,$360,$370,$370,$380,$380,$380,$380,$380,$380,$380,$380,$380,$380,$385,$385,$390,$390,$390,$390,$390,$395,$400,$405,$410,$410,$410,$410,$420,$420,$430,$430,$430,$430,$430,$445,$450,$450,$440,$440,$430,$430,$425,$420,$420
Box Hill,$185,$185,$190,$190,$190,$195,$200,$200,$210,$210,$210,$210,$210,$215,$220,$220,$220,$220,$225,$230,$230,$231,$235,$235,$240,$245,$250,$255,$260,"1,175",$265,"1,192",$270,$280,$290,$300,$300,$310,$310,$315,$320,$320,$330,$340,$350,$350,$350,$350,$350,$350,$355,$360,$355,$350,$350,$350,$353,$360,$360,$360,$365,$370,$370,$375,$380,$380,$390,$395,$395,$400,$400,$400,$405,$410,$430,$430,$435,$445,$443,$450,$450,$450,$455,$450,$435,$420,$405,$400,$400
Bulleen-Templestowe-Doncaster,$220,$225,$230,$230,$230,$230,$235,$240,$245,$250,$250,$250,$250,$250,$250,$250,$255,$260,$260,$260,$260,$265,$270,$270,$275,$280,$280,$290,$300,954,$300,960,$313,$330,$340,$350,$360,$360,$370,$370,$370,$375,$380,$390,$390,$395,$400,$400,$400,$405,$410,$400,$400,$400,$410,$415,$420,$420,$420,$430,$430,$430,$440,$440,$440,$450,$450,$450,$450,$450,$450,$450,$460,$465,$470,$480,$480,$482,$485,$490,$490,$490,$485,$480,$480,$480,$480,$480,$475
Burwood-Ashburton,$208,$201,$210,$210,$210,$220,$228,$230,$240,$240,$240,$240,$240,$240,$240,$240,$245,$250,$250,$250,$255,$255,$250,$250,$250,$258,$263,$270,$270,710,$280,716,$285,$295,$320,$320,$335,$350,$331,$340,$340,$350,$350,$357,$360,$365,$360,$360,$370,$375,$390,$390,$390,$395,$400,$400,$400,$400,$395,$395,$400,$400,$400,$401,$410,$410,$420,$430,$430,$425,$430,$438,$445,$450,$450,$460,$460,$460,$470,$461,$470,$470,$465,$460,$455,$450,$450,$450,$450
Camberwell-Glen Iris,$220,$225,$230,$230,$230,$230,$235,$240,$250,$249,$250,$250,$250,$250,$250,$245,$250,$250,$250,$255,$260,$260,$260,$265,$270,$270,$270,$275,$290,"1,330",$295,"1,269",$300,$320,$330,$350,$350,$355,$370,$370,$375,$375,$380,$380,$393,$395,$400,$400,$410,$410,$410,$420,$420,$420,$430,$420,$425,$425,$420,$420,$430,$430,$430,$430,$430,$430,$435,$440,$445,$450,$450,$450,$460,$475,$480,$490,$490,$495,$500,$500,$500,$500,$500,$500,$499,$490,$475,$450,$450
Canterbury-Surrey Hills-Mont Albert,$235,$240,$235,$235,$235,$240,$245,$250,$250,$250,$250,$260,$255,$250,$250,$250,$255,$260,$260,$263,$270,$270,$275,$275,$275,$280,$280,$280,$295,577,$300,598,$315,$325,$350,$365,$373,$380,$390,$395,$400,$400,$410,$405,$410,$405,$405,$410,$410,$420,$420,$420,$420,$420,$422,$425,$435,$430,$435,$450,$450,$450,$450,$440,$450,$450,$450,$450,$450,$450,$468,$475,$480,$480,$490,$490,$500,$500,$500,$520,$510,$520,$525,$520,$515,$500,$495,$490,$485
Chadstone-Oakleigh,$190,$190,$195,$200,$200,$200,$205,$210,$210,$210,$210,$210,$220,$220,$220,$225,$225,$230,$230,$230,$230,$230,$235,$240,$240,$250,$250,$250,$260,845,$270,801,$280,$290,$300,$310,$320,$330,$340,$340,$350,$350,$350,$360,$360,$360,$370,$370,$370,$380,$370,$375,$380,$375,$380,$380,$380,$385,$385,$390,$390,$395,$400,$400,$400,$400,$410,$410,$420,$420,$425,$430,$430,$440,$445,$450,$450,$450,$450,$460,$460,$460,$460,$460,$460,$450,$445,$430,$430
Clayton,$175,$180,$180,$180,$185,$185,$187,$190,$190,$195,$200,$200,$210,$210,$210,$210,$210,$210,$215,$220,$220,$220,$225,$230,$230,$240,$240,$248,$250,"1,312",$260,"1,304",$260,$275,$285,$300,$300,$310,$320,$330,$330,$330,$330,$330,$330,$330,$330,$340,$350,$350,$350,$350,$350,$350,$345,$345,$345,$350,$350,$350,$350,$360,$360,$360,$360,$365,$365,$370,$370,$375,$380,$380,$390,$390,$400,$400,$400,$400,$410,$411,$420,$420,$420,$420,$415,$410,$400,$400,$399
Doncaster East-Donvale,$220,$225,$230,$230,$230,$230,$235,$240,$245,$250,$250,$250,$250,$250,$250,$250,$260,$259,$260,$260,$265,$260,$270,$275,$275,$285,$290,$290,$300,799,$300,786,$320,$320,$330,$331,$350,$350,$350,$360,$360,$370,$375,$375,$380,$380,$385,$395,$400,$400,$400,$400,$400,$400,$410,$410,$420,$420,$420,$420,$430,$430,$440,$450,$450,$450,$450,$450,$450,$460,$465,$465,$475,$475,$470,$480,$480,$485,$490,$490,$495,$500,$500,$500,$495,$490,$480,$480,$480
East Hawthorn,$200,$205,$210,$215,$220,$230,$235,$235,$230,$240,$238,$235,$240,$240,$243,$250,$250,$255,$250,$250,$260,$260,$260,$260,$265,$275,$278,$280,$280,756,$280,784,$290,$295,$310,$320,$320,$335,$350,$350,$350,$350,$350,$360,$370,$370,$370,$375,$375,$380,$390,$390,$390,$390,$390,$395,$395,$395,$400,$395,$400,$400,$400,$400,$400,$400,$400,$400,$410,$410,$420,$420,$420,$430,$430,$440,$440,$450,$448,$450,$450,$450,$445,$440,$435,$420,$400,$400,$390
Glen Waverley-Mulgrave,$210,$210,$210,$215,$220,$220,$220,$225,$230,$230,$235,$235,$240,$240,$240,$240,$245,$250,$250,$250,$255,$260,$260,$260,$260,$270,$275,$280,$285,"1,328",$295,"1,373",$300,$320,$330,$333,$350,$350,$360,$360,$365,$370,$375,$380,$380,$390,$395,$400,$400,$400,$400,$410,$410,$410,$415,$420,$420,$420,$420,$420,$430,$430,$430,$440,$440,$445,$450,$450,$450,$460,$460,$460,$470,$470,$475,$475,$480,$485,$490,$500,$500,$500,$500,$500,$500,$495,$480,$480,$480
Hawthorn,$190,$190,$195,$200,$210,$215,$220,$220,$220,$220,$220,$225,$230,$230,$230,$230,$230,$230,$230,$235,$240,$240,$245,$250,$250,$250,$250,$250,$255,"1,654",$260,"1,636",$265,$275,$285,$295,$300,$315,$320,$330,$331,$335,$340,$340,$345,$350,$350,$350,$350,$350,$345,$350,$350,$350,$350,$350,$350,$355,$350,$350,$360,$360,$360,$365,$370,$370,$370,$370,$370,$380,$380,$380,$380,$385,$395,$400,$400,$400,$400,$410,$410,$410,$420,$420,$410,$400,$390,$380,$370
Kew,$245,$250,$245,$250,$250,$250,$255,$251,$260,$260,$265,$260,$265,$265,$265,$270,$270,$265,$270,$270,$280,$280,$280,$280,$280,$290,$290,$300,$310,"1,035",$320,"1,020",$330,$340,$350,$360,$375,$380,$380,$390,$390,$395,$400,$400,$413,$420,$420,$430,$430,$440,$450,$440,$450,$450,$450,$450,$450,$450,$440,$450,$450,$450,$460,$465,$480,$480,$475,$475,$470,$480,$490,$490,$485,$483,$490,$500,$500,$510,$510,$513,$515,$520,$520,$530,$525,$500,$495,$480,$475
Mount Waverley,$205,$210,$210,$210,$215,$215,$220,$220,$225,$225,$225,$230,$230,$235,$240,$240,$235,$235,$240,$240,$250,$250,$250,$260,$260,$260,$270,$270,$280,673,$290,656,$300,$310,$320,$330,$340,$350,$360,$365,$365,$370,$375,$380,$385,$390,$390,$400,$395,$395,$400,$400,$400,$400,$400,$410,$415,$420,$420,$420,$420,$430,$430,$440,$450,$450,$460,$460,$460,$460,$460,$465,$470,$475,$480,$480,$490,$500,$500,$510,$520,$520,$520,$510,$505,$500,$490,$500,$496
Nunawading-Mitcham,$175,$180,$180,$180,$180,$185,$190,$190,$195,$200,$200,$200,$200,$210,$210,$215,$220,$220,$220,$220,$220,$225,$225,$230,$230,$235,$240,$245,$250,683,$260,695,$265,$280,$280,$290,$300,$310,$320,$320,$320,$320,$320,$330,$340,$340,$350,$350,$350,$350,$350,$355,$350,$355,$350,$360,$360,$365,$370,$370,$370,$370,$370,$370,$375,$375,$380,$385,$385,$390,$390,$395,$400,$400,$410,$418,$420,$420,$430,$425,$420,$420,$420,$420,$425,$420,$420,$420,$420
Vermont-Forest Hill-Burwood East,$200,$205,$210,$210,$210,$215,$210,$220,$220,$225,$230,$230,$230,$230,$230,$230,$235,$240,$240,$240,$250,$250,$250,$250,$255,$260,$260,$261,$270,636,$275,623,$280,$295,$305,$320,$330,$340,$340,$340,$345,$350,$350,$360,$369,$370,$375,$380,$380,$380,$385,$385,$385,$380,$380,$388,$390,$390,$395,$395,$400,$400,$408,$410,$410,$410,$420,$420,$420,$420,$420,$420,$435,$450,$450,$450,$450,$450,$450,$450,$460,$460,$460,$460,$460,$460,$450,$450,$450
Aspendale-Chelsea-Carrum,$170,$170,$175,$180,$180,$180,$185,$190,$190,$195,$200,$200,$200,$200,$200,$200,$200,$200,$200,$210,$210,$210,$210,$215,$220,$225,$230,$235,$240,"1,270",$241,"1,262",$250,$260,$270,$280,$290,$299,$300,$300,$310,$315,$320,$320,$330,$340,$350,$350,$350,$350,$350,$355,$355,$360,$355,$353,$360,$360,$365,$370,$370,$370,$375,$380,$380,$380,$385,$390,$395,$400,$400,$400,$410,$420,$420,$420,$430,$440,$440,$440,$440,$438,$440,$440,$440,$450,$450,$450,$450
Bentleigh,$200,$200,$210,$215,$220,$220,$220,$220,$225,$230,$230,$235,$235,$240,$240,$240,$240,$245,$250,$250,$250,$250,$250,$260,$260,$265,$270,$275,$285,"1,355",$290,"1,363",$300,$310,$320,$330,$340,$350,$355,$360,$365,$370,$370,$380,$380,$385,$395,$395,$400,$400,$400,$400,$400,$400,$400,$400,$410,$410,$418,$420,$425,$430,$430,$430,$430,$430,$440,$440,$445,$450,$450,$460,$470,$480,$480,$485,$490,$495,$500,$500,$500,$510,$510,$500,$500,$495,$490,$485,$490
Brighton,$300,$300,$300,$310,$310,$310,$313,$320,$325,$330,$325,$330,$330,$328,$340,$350,$350,$350,$350,$350,$350,$350,$365,$375,$380,$390,$397,$418,$425,636,$425,615,$450,$440,$460,$470,$488,$495,$500,$520,$540,$550,$550,$550,$550,$550,$550,$583,$590,$590,$595,$590,$600,$605,$628,$635,$620,$630,$600,$600,$600,$599,$620,$630,$640,$640,$600,$600,$590,$580,$600,$595,$620,$650,$650,$650,$650,$630,$640,$650,$650,$665,$690,$680,$690,$678,$670,$650,$650
Brighton East,$283,$285,$280,$285,$295,$310,$310,$310,$310,$300,$300,$300,$300,$300,$315,$315,$328,$338,$335,$340,$340,$330,$330,$320,$330,$340,$350,$369,$380,323,$395,324,$433,$450,$475,$475,$495,$480,$480,$480,$490,$500,$520,$520,$531,$550,$570,$590,$573,$575,$590,$600,$600,$600,$595,$578,$570,$585,$580,$575,$575,$580,$590,$600,$600,$610,$650,$620,$630,$635,$635,$655,$650,$668,$670,$670,$690,$690,$700,$700,$700,$700,$745,$750,$733,$718,$695,$700,$725
Carnegie,$160,$160,$160,$165,$167,$170,$175,$180,$180,$180,$180,$185,$185,$185,$190,$190,$190,$190,$198,$200,$200,$200,$200,$200,$200,$200,$210,$220,$230,854,$240,810,$240,$250,$265,$270,$280,$290,$300,$300,$300,$300,$305,$318,$320,$325,$335,$330,$330,$330,$330,$345,$345,$350,$350,$350,$350,$350,$350,$350,$351,$360,$360,$360,$365,$370,$380,$380,$380,$385,$395,$400,$403,$415,$420,$420,$420,$425,$430,$435,$440,$435,$440,$440,$438,$430,$410,$400,$395
Caulfield,$195,$200,$200,$200,$210,$210,$215,$220,$220,$220,$220,$220,$225,$225,$225,$230,$235,$240,$240,$240,$235,$238,$240,$240,$240,$250,$250,$250,$265,"1,568",$275,"1,555",$290,$300,$310,$320,$330,$345,$350,$350,$350,$355,$360,$360,$370,$380,$380,$380,$385,$385,$390,$395,$395,$395,$395,$390,$385,$385,$385,$390,$395,$399,$400,$400,$400,$400,$400,$410,$420,$435,$440,$440,$440,$440,$440,$450,$455,$460,$470,$470,$475,$475,$480,$480,$470,$450,$425,$410,$400
Cheltenham,$190,$190,$200,$200,$200,$205,$210,$215,$215,$215,$220,$220,$225,$230,$230,$230,$235,$235,$235,$240,$240,$240,$240,$240,$250,$250,$260,$265,$270,"1,104",$280,"1,087",$290,$300,$305,$320,$330,$350,$350,$350,$350,$350,$350,$360,$370,$380,$380,$380,$380,$385,$390,$390,$395,$385,$380,$380,$375,$380,$382,$390,$395,$400,$400,$400,$401,$410,$410,$420,$420,$430,$430,$440,$450,$450,$450,$450,$450,$455,$460,$460,$460,$470,$470,$470,$475,$470,$460,$460,$460
Elsternwick,$185,$190,$195,$195,$200,$200,$210,$210,$215,$215,$215,$215,$220,$230,$230,$235,$240,$230,$230,$225,$225,$228,$230,$240,$240,$250,$250,$250,$260,605,$260,588,$270,$290,$300,$300,$320,$323,$330,$330,$330,$338,$350,$350,$360,$360,$365,$370,$370,$375,$390,$390,$390,$390,$390,$390,$390,$390,$390,$395,$400,$400,$395,$400,$400,$400,$400,$395,$395,$395,$400,$420,$420,$420,$420,$420,$433,$430,$450,$450,$443,$450,$440,$450,$450,$450,$450,$447,$435
Hampton-Beaumaris,$270,$275,$280,$286,$290,$291,$295,$295,$295,$295,$300,$300,$300,$300,$300,$305,$310,$310,$315,$310,$310,$320,$330,$330,$340,$340,$350,$355,$375,872,$380,877,$400,$400,$420,$420,$420,$440,$450,$450,$450,$460,$475,$475,$480,$480,$480,$488,$495,$495,$500,$500,$500,$500,$495,$495,$495,$495,$500,$500,$525,$520,$500,$495,$490,$495,$510,$525,$518,$513,$525,$525,$550,$550,$550,$550,$570,$570,$580,$595,$580,$580,$595,$585,$595,$588,$585,$590,$580
Malvern,$213,$220,$230,$235,$240,$240,$250,$250,$250,$260,$260,$260,$260,$260,$263,$270,$270,$270,$270,$273,$280,$285,$280,$280,$280,$280,$290,$300,$305,355,$320,379,$320,$340,$350,$350,$360,$368,$373,$380,$380,$380,$390,$390,$395,$395,$390,$395,$400,$400,$420,$420,$400,$405,$400,$400,$420,$415,$438,$433,$421,$439,$440,$450,$450,$450,$460,$455,$458,$470,$460,$460,$460,$460,$465,$475,$495,$495,$495,$500,$493,$495,$480,$468,$480,$470,$450,$450,$450
Malvern East,$220,$220,$221,$225,$230,$235,$240,$240,$240,$240,$240,$245,$250,$250,$250,$250,$250,$250,$240,$241,$245,$245,$250,$250,$250,$250,$255,$260,$260,778,$270,736,$280,$290,$295,$310,$320,$325,$350,$345,$340,$350,$350,$350,$350,$350,$365,$365,$370,$370,$370,$375,$370,$369,$365,$369,$368,$370,$375,$375,$380,$380,$380,$388,$390,$390,$395,$395,$400,$400,$400,$410,$410,$420,$425,$425,$430,$435,$455,$460,$460,$460,$450,$440,$425,$420,$420,$400,$400
Mentone-Parkdale-Mordialloc,$165,$165,$170,$170,$175,$175,$175,$180,$185,$185,$190,$190,$190,$190,$195,$195,$195,$200,$200,$200,$205,$210,$210,$210,$215,$220,$225,$230,$240,"1,050",$245,"1,070",$250,$260,$268,$275,$280,$285,$295,$300,$300,$310,$318,$320,$325,$330,$330,$340,$340,$350,$350,$350,$350,$350,$350,$355,$360,$360,$360,$360,$365,$370,$370,$370,$375,$380,$380,$380,$390,$395,$395,$400,$400,$400,$410,$420,$420,$425,$420,$420,$425,$430,$433,$435,$440,$435,$435,$430,$430
Murrumbeena-Hughesdale,$170,$170,$175,$170,$175,$180,$180,$185,$190,$190,$200,$200,$200,$200,$210,$210,$210,$213,$210,$210,$215,$220,$225,$235,$240,$240,$240,$240,$245,641,$250,626,$260,$270,$280,$300,$300,$315,$320,$300,$310,$320,$330,$340,$350,$350,$350,$350,$350,$350,$350,$360,$360,$360,$360,$360,$365,$365,$360,$360,$365,$370,$380,$385,$385,$390,$390,$395,$395,$395,$400,$400,$410,$410,$410,$420,$425,$430,$430,$430,$430,$435,$440,$440,$440,$425,$410,$400,$400
Altona,$165,$170,$170,$170,$175,$175,$175,$180,$180,$180,$185,$185,$190,$190,$190,$190,$195,$195,$200,$200,$200,$200,$210,$210,$210,$220,$220,$225,$230,"2,054",$240,"2,128",$248,$255,$265,$280,$290,$300,$300,$300,$300,$310,$320,$320,$320,$325,$330,$330,$330,$330,$330,$330,$330,$330,$336,$340,$340,$340,$350,$350,$350,$350,$350,$356,$360,$360,$370,$370,$370,$375,$380,$380,$390,$390,$390,$400,$400,$400,$400,$400,$400,$400,$400,$400,$400,$400,$400,$400,$400
Footscray,$130,$130,$135,$138,$140,$140,$145,$150,$155,$160,$160,$160,$165,$165,$165,$165,$170,$170,$175,$180,$180,$180,$190,$190,$200,$200,$200,$210,$210,726,$220,742,$220,$220,$230,$240,$250,$260,$270,$260,$270,$280,$290,$300,$300,$300,$300,$303,$310,$320,$325,$320,$320,$320,$320,$320,$325,$330,$330,$330,$330,$330,$330,$330,$330,$330,$340,$345,$350,$350,$355,$360,$360,$370,$365,$370,$375,$375,$380,$380,$380,$390,$390,$390,$381,$370,$370,$360,$360
Keilor East-Avondale Heights,$185,$185,$190,$200,$200,$200,$210,$210,$215,$220,$220,$220,$220,$220,$220,$220,$220,$220,$220,$220,$225,$230,$230,$230,$230,$230,$240,$240,$250,835,$250,809,$260,$270,$280,$290,$300,$300,$310,$320,$320,$320,$330,$330,$340,$340,$340,$350,$350,$350,$350,$350,$350,$350,$360,$360,$365,$370,$370,$370,$370,$370,$370,$370,$375,$380,$380,$385,$390,$390,$395,$395,$400,$400,$405,$410,$420,$420,$420,$420,$420,$420,$420,$410,$410,$420,$410,$410,$400
Melton,$150,$150,$155,$155,$155,$160,$160,$160,$165,$165,$165,$165,$170,$170,$175,$175,$175,$175,$175,$180,$180,$180,$180,$185,$185,$185,$185,$185,$190,"1,010",$190,"1,002",$195,$200,$200,$210,$220,$221,$230,$235,$240,$245,$250,$250,$250,$260,$260,$265,$270,$270,$270,$270,$270,$270,$270,$270,$270,$270,$271,$275,$280,$280,$280,$280,$285,$287,$290,$295,$300,$300,$310,$310,$320,$320,$320,$330,$330,$335,$340,$340,$340,$340,$340,$345,$350,$350,$350,$350,$350
Newport-Spotswood,$170,$175,$180,$180,$180,$185,$190,$190,$200,$200,$200,$200,$200,$200,$205,$210,$215,$220,$220,$220,$220,$220,$225,$230,$235,$250,$255,$260,$270,660,$270,631,$280,$285,$290,$300,$310,$320,$340,$350,$350,$350,$350,$350,$350,$360,$360,$360,$370,$380,$385,$390,$390,$390,$390,$390,$395,$400,$400,$410,$410,$420,$426,$430,$440,$440,$440,$450,$450,$450,$450,$460,$465,$470,$470,$475,$470,$480,$480,$480,$495,$495,$500,$495,$495,$500,$495,$492,$495
St Albans-Deer Park,$150,$155,$155,$160,$160,$160,$160,$160,$165,$165,$170,$170,$170,$170,$170,$170,$170,$170,$170,$175,$175,$175,$180,$180,$180,$180,$180,$180,$185,"1,422",$190,"1,371",$200,$200,$215,$220,$231,$240,$250,$260,$265,$270,$275,$280,$280,$280,$285,$285,$290,$290,$290,$290,$290,$290,$290,$290,$295,$300,$300,$300,$300,$310,$310,$310,$310,$310,$320,$320,$320,$320,$330,$330,$340,$340,$345,$350,$350,$350,$350,$350,$355,$360,$360,$360,$360,$355,$350,$350,$350
Sunshine,$135,$140,$140,$145,$150,$145,$150,$150,$150,$155,$155,$155,$156,$156,$160,$160,$163,$165,$165,$165,$165,$170,$170,$170,$170,$175,$180,$180,$185,965,$190,971,$190,$200,$210,$220,$230,$240,$250,$250,$260,$260,$270,$270,$280,$280,$280,$280,$280,$280,$280,$284,$290,$290,$290,$290,$290,$296,$300,$300,$300,$300,$310,$310,$310,$310,$310,$320,$320,$320,$330,$330,$335,$340,$340,$340,$350,$350,$350,$350,$360,$360,$360,$360,$360,$360,$350,$350,$350
Sydenham,$200,$200,$200,$200,$200,$210,$210,$210,$215,$210,$210,$210,$210,$210,$210,$210,$215,$215,$220,$220,$220,$220,$220,$220,$220,$220,$225,$230,$235,"1,723",$240,"1,720",$250,$250,$260,$270,$275,$280,$295,$300,$300,$300,$310,$320,$320,$320,$330,$330,$330,$330,$330,$330,$330,$330,$335,$340,$340,$345,$350,$350,$350,$350,$355,$360,$360,$360,$360,$365,$370,$370,$375,$380,$380,$390,$390,$390,$400,$400,$400,$400,$400,$400,$400,$400,$400,$400,$400,$400,$400
Werribee-Hoppers Crossing,$160,$165,$165,$165,$168,$170,$170,$170,$171,$175,$180,$180,$180,$180,$180,$185,$185,$185,$185,$185,$190,$190,$190,$190,$195,$195,$200,$200,$205,"2,840",$210,"2,905",$215,$220,$230,$240,$250,$260,$265,$270,$270,$270,$275,$275,$280,$280,$281,$285,$290,$290,$290,$290,$290,$290,$290,$290,$290,$290,$295,$300,$300,$300,$305,$310,$310,$315,$320,$320,$330,$330,$330,$340,$345,$350,$355,$360,$360,$365,$370,$370,$370,$370,$370,$370,$370,$365,$365,$365,$365
West Footscray,$140,$140,$140,$145,$145,$150,$150,$150,$155,$160,$160,$160,$160,$165,$165,$168,$170,$170,$170,$170,$175,$175,$175,$175,$175,$180,$185,$190,$200,788,$200,792,$210,$220,$230,$240,$250,$270,$280,$290,$300,$300,$300,$300,$300,$300,$305,$310,$310,$310,$320,$320,$320,$320,$320,$320,$320,$320,$320,$330,$330,$330,$330,$330,$340,$340,$350,$350,$360,$360,$360,$360,$370,$375,$380,$380,$380,$380,$390,$390,$400,$400,$400,$410,$400,$400,$400,$395,$395
Williamstown,$240,$240,$240,$240,$250,$255,$260,$263,$263,$260,$265,$265,$265,$270,$265,$265,$270,$270,$270,$273,$275,$270,$275,$280,$289,$295,$295,$300,$300,553,$300,530,$330,$350,$360,$360,$360,$360,$370,$390,$390,$390,$385,$380,$380,$390,$400,$420,$430,$445,$430,$430,$425,$440,$450,$450,$450,$450,$450,$450,$449,$440,$450,$450,$450,$461,$465,$480,$480,$490,$490,$490,$480,$480,$490,$495,$510,$520,$520,$515,$510,$530,$530,$530,$520,$518,$500,$500,$520
Yarraville-Seddon,$175,$180,$180,$180,$180,$185,$190,$195,$200,$200,$200,$200,$210,$210,$210,$210,$215,$220,$220,$220,$225,$225,$230,$230,$230,$230,$240,$250,$260,889,$270,905,$275,$280,$290,$300,$315,$320,$330,$320,$320,$330,$340,$350,$350,$350,$350,$350,$350,$350,$360,$368,$370,$375,$375,$380,$375,$385,$395,$395,$400,$400,$400,$410,$415,$420,$420,$420,$430,$430,$445,$450,$450,$455,$460,$460,$465,$470,$480,$480,$490,$490,$495,$495,$490,$485,$480,$475,$480
Broadmeadows-Roxburgh Park,$162,$165,$165,$170,$170,$170,$173,$175,$175,$180,$180,$180,$180,$185,$185,$190,$190,$190,$195,$195,$195,$196,$200,$200,$200,$200,$210,$210,$210,992,$220,975,$220,$230,$240,$250,$260,$270,$280,$290,$290,$300,$300,$300,$300,$310,$310,$310,$312,$320,$315,$315,$312,$310,$310,$310,$310,$311,$320,$320,$320,$320,$322,$325,$330,$330,$330,$330,$330,$340,$340,$345,$350,$350,$360,$360,$369,$370,$370,$370,$370,$370,$370,$370,$370,$370,$370,$365,$369
Brunswick,$180,$180,$180,$180,$180,$190,$190,$200,$200,$200,$200,$200,$200,$210,$210,$219,$210,$215,$220,$220,$230,$230,$230,$230,$230,$240,$240,$250,$253,"1,630",$260,"1,574",$270,$280,$280,$295,$300,$300,$320,$320,$330,$340,$350,$350,$350,$360,$370,$370,$380,$390,$390,$395,$395,$395,$400,$400,$400,$400,$400,$400,$400,$400,$400,$400,$410,$420,$420,$420,$420,$430,$430,$440,$450,$450,$450,$450,$460,$465,$470,$470,$470,$480,$480,$475,$475,$460,$450,$425,$420
Coburg-Pascoe Vale South,$180,$180,$180,$180,$190,$190,$190,$196,$200,$200,$204,$204,$200,$200,$210,$210,$220,$220,$220,$220,$220,$220,$230,$230,$230,$230,$240,$240,$250,884,$260,881,$265,$280,$290,$300,$320,$320,$330,$340,$340,$350,$350,$350,$350,$355,$360,$360,$360,$360,$370,$370,$370,$370,$380,$375,$380,$380,$380,$380,$380,$385,$390,$390,$395,$400,$400,$400,$400,$400,$410,$418,$420,$430,$430,$440,$445,$450,$450,$450,$450,$450,$450,$450,$450,$460,$460,$450,$450
Craigieburn,$175,$180,$180,$180,$185,$185,$185,$185,$190,$190,$190,$195,$195,$200,$200,$200,$200,$200,$201,$205,$210,$210,$210,$215,$215,$220,$220,$225,$230,454,$235,479,$240,$250,$250,$265,$275,$285,$300,$300,$300,$310,$310,$320,$320,$320,$330,$330,$330,$330,$330,$330,$330,$325,$320,$320,$320,$320,$330,$330,$330,$330,$330,$330,$330,$340,$340,$340,$345,$350,$350,$350,$350,$360,$360,$370,$380,$380,$380,$380,$390,$390,$390,$390,$390,$390,$390,$390,$390
East Brunswick,$190,$210,$210,$230,$230,$240,$240,$240,$250,$250,$250,$253,$250,$250,$260,$260,$265,$265,$260,$260,$265,$265,$270,$270,$275,$280,$280,$283,$281,342,$293,333,$300,$310,$320,$330,$340,$350,$360,$360,$360,$360,$370,$380,$390,$390,$400,$400,$410,$420,$420,$430,$430,$420,$420,$410,$420,$400,$400,$385,$380,$385,$382,$400,$400,$420,$420,$424,$420,$400,$400,$420,$440,$443,$440,$435,$430,$435,$445,$450,$460,$463,$460,$450,$450,$425,$420,$410,$400
Essendon,$170,$175,$180,$180,$180,$180,$186,$190,$190,$195,$195,$200,$200,$200,$200,$200,$200,$200,$205,$205,$210,$210,$210,$220,$220,$220,$225,$225,$230,"1,480",$240,"1,435",$250,$260,$270,$280,$285,$300,$300,$300,$310,$313,$320,$320,$330,$330,$330,$335,$340,$340,$350,$350,$350,$350,$350,$350,$350,$350,$350,$350,$350,$350,$355,$353,$360,$360,$360,$370,$370,$380,$380,$390,$390,$390,$400,$400,$400,$400,$410,$410,$410,$415,$415,$415,$415,$410,$400,$400,$395
Gladstone Park-Tullamarine,$175,$175,$175,$180,$180,$180,$180,$185,$190,$190,$190,$190,$195,$200,$200,$200,$200,$200,$200,$200,$200,$200,$200,$200,$200,$205,$210,$210,$215,496,$220,471,$225,$230,$240,$250,$250,$265,$270,$280,$280,$290,$290,$300,$300,$310,$310,$310,$311,$320,$320,$325,$325,$320,$320,$320,$320,$320,$330,$330,$330,$330,$330,$335,$335,$340,$340,$340,$347,$350,$350,$360,$360,$370,$370,$380,$380,$380,$380,$385,$390,$390,$395,$390,$390,$390,$390,$390,$390
Keilor,$224,$222,$215,$215,$220,$220,$220,$220,$220,$220,$225,$230,$230,$230,$225,$228,$228,$225,$228,$228,$230,$230,$235,$230,$240,$240,$240,$240,$250,76,$250,73,$260,$270,$273,$288,$295,$300,$300,$320,$340,$350,$350,$350,$350,$350,$350,$340,$340,$350,$350,$350,$360,$360,$360,$365,$373,$380,$380,$370,$370,$370,$370,$370,$388,$380,$390,$400,$400,$418,$425,$400,$400,$400,$400,$430,$460,$450,$450,$450,$420,$420,$420,$410,$410,$410,$415,$418,$420
Moonee Ponds-Ascot Vale,$185,$185,$190,$195,$200,$200,$210,$210,$220,$220,$220,$220,$220,$220,$220,$220,$225,$230,$235,$235,$235,$235,$238,$240,$250,$250,$260,$260,$270,"1,114",$280,"1,099",$280,$290,$300,$310,$320,$330,$338,$350,$350,$350,$350,$350,$360,$360,$370,$375,$380,$380,$385,$390,$390,$390,$390,$390,$385,$380,$380,$380,$390,$390,$390,$390,$390,$400,$400,$400,$400,$400,$410,$410,$420,$430,$430,$440,$440,$440,$440,$450,$440,$450,$440,$430,$430,$425,$410,$402,$400
Oak Park-Glenroy-Fawkner,$160,$160,$160,$165,$165,$170,$170,$170,$170,$175,$180,$180,$180,$180,$180,$180,$185,$185,$185,$185,$185,$190,$195,$195,$198,$200,$200,$205,$210,"1,098",$220,"1,023",$230,$240,$250,$260,$270,$280,$295,$300,$300,$300,$300,$310,$320,$320,$320,$330,$330,$330,$330,$330,$325,$324,$320,$320,$320,$330,$330,$330,$330,$340,$340,$340,$345,$350,$350,$350,$350,$350,$360,$360,$370,$370,$380,$380,$380,$390,$390,$390,$400,$400,$400,$400,$400,$400,$395,$390,$385
Pascoe Vale-Coburg North,$170,$170,$170,$175,$180,$180,$180,$185,$190,$190,$190,$190,$190,$195,$195,$200,$200,$200,$200,$200,$200,$200,$210,$210,$215,$220,$220,$230,$240,613,$250,597,$260,$270,$277,$290,$297,$300,$310,$310,$320,$320,$320,$320,$330,$330,$340,$340,$340,$340,$350,$345,$345,$345,$340,$340,$340,$340,$350,$350,$350,$350,$350,$350,$360,$360,$360,$365,$370,$380,$385,$390,$400,$400,$400,$400,$400,$410,$410,$420,$420,$420,$420,$420,$420,$420,$410,$410,$410
Sunbury,$165,$165,$165,$170,$170,$175,$175,$175,$180,$185,$190,$190,$190,$195,$200,$200,$200,$200,$200,$200,$200,$200,$200,$205,$205,$210,$210,$210,$220,767,$220,778,$220,$230,$230,$240,$250,$260,$260,$265,$270,$270,$280,$285,$290,$295,$300,$300,$305,$310,$310,$310,$310,$310,$315,$310,$320,$320,$320,$320,$320,$320,$320,$330,$330,$330,$330,$330,$330,$335,$340,$340,$350,$350,$360,$360,$363,$370,$370,$375,$380,$380,$375,$370,$370,$380,$380,$380,$390
West Brunswick,$140,$140,$145,$150,$150,$155,$160,$165,$170,$170,$170,$170,$175,$180,$180,$185,$185,$185,$185,$185,$185,$180,$190,$190,$195,$200,$200,$205,$213,585,$220,570,$220,$230,$245,$250,$260,$270,$280,$280,$280,$280,$285,$290,$290,$295,$300,$300,$300,$300,$300,$320,$330,$339,$330,$327,$320,$320,$320,$325,$330,$330,$330,$330,$330,$335,$340,$340,$350,$350,$350,$350,$350,$360,$360,$365,$370,$375,$380,$380,$390,$390,$400,$400,$390,$385,$380,$360,$350
Bundoora-Greensborough-Hurstbridge,$180,$185,$190,$190,$190,$195,$200,$200,$205,$210,$210,$210,$215,$215,$220,$220,$220,$220,$225,$225,$230,$230,$230,$230,$235,$240,$240,$250,$250,"1,864",$255,"1,873",$260,$265,$280,$280,$300,$300,$310,$320,$320,$320,$323,$330,$335,$340,$340,$350,$350,$350,$350,$350,$349,$345,$340,$340,$340,$340,$345,$350,$350,$350,$350,$350,$355,$360,$360,$360,$360,$360,$365,$370,$380,$380,$385,$390,$390,$395,$400,$400,$400,$400,$400,$400,$400,$400,$400,$410,$410
Eltham-Research-Montmorency,$195,$200,$200,$200,$205,$210,$210,$220,$220,$225,$230,$230,$230,$230,$233,$235,$233,$238,$240,$240,$240,$245,$250,$250,$250,$256,$260,$260,$270,578,$280,606,$285,$290,$300,$300,$320,$320,$340,$350,$340,$340,$340,$340,$350,$355,$360,$360,$360,$365,$365,$360,$365,$365,$360,$370,$365,$365,$370,$370,$385,$390,$390,$400,$400,$400,$400,$400,$400,$410,$410,$415,$425,$430,$440,$440,$448,$450,$450,$450,$450,$450,$450,$450,$460,$465,$465,$460,$470
Fairfield-Alphington,$150,$146,$150,$155,$160,$165,$165,$170,$175,$180,$180,$185,$190,$190,$190,$200,$190,$200,$195,$190,$200,$200,$200,$200,$200,$200,$210,$210,$230,590,$238,596,$240,$250,$260,$265,$275,$280,$280,$285,$290,$295,$300,$310,$320,$320,$320,$320,$325,$325,$330,$330,$325,$330,$335,$340,$345,$350,$345,$350,$350,$350,$350,$345,$340,$345,$360,$365,$370,$375,$375,$375,$385,$395,$400,$400,$410,$410,$420,$445,$450,$460,$460,$440,$420,$420,$410,$400,$395
Heidelberg-Heidelberg West,$180,$180,$180,$185,$190,$190,$195,$200,$200,$200,$210,$210,$210,$210,$210,$215,$220,$220,$220,$220,$220,$220,$225,$230,$230,$235,$240,$240,$250,854,$251,872,$260,$265,$280,$285,$295,$300,$310,$310,$310,$320,$320,$330,$330,$335,$335,$340,$340,$350,$350,$350,$350,$345,$350,$350,$350,$350,$360,$360,$360,$360,$360,$360,$360,$360,$365,$370,$375,$380,$388,$390,$395,$400,$405,$410,$420,$410,$420,$420,$420,$420,$425,$420,$420,$420,$415,$415,$420
Ivanhoe-Ivanhoe East,$185,$185,$190,$200,$210,$205,$210,$210,$210,$211,$215,$220,$220,$220,$228,$220,$220,$220,$230,$235,$240,$240,$233,$235,$240,$240,$250,$250,$250,475,$260,469,$270,$290,$300,$320,$320,$330,$350,$350,$350,$350,$350,$350,$350,$355,$360,$365,$380,$385,$392,$390,$390,$390,$385,$380,$390,$385,$395,$400,$400,$400,$400,$410,$420,$425,$430,$420,$420,$430,$440,$450,$450,$450,$450,$450,$465,$450,$465,$465,$460,$460,$465,$460,$473,$470,$465,$460,$450
Mill Park-Epping,$180,$180,$180,$185,$185,$185,$190,$190,$195,$195,$200,$200,$200,$200,$205,$210,$210,$210,$215,$210,$215,$220,$220,$220,$220,$220,$225,$230,$238,"1,217",$240,"1,235",$250,$250,$260,$270,$280,$290,$300,$300,$300,$310,$320,$320,$330,$330,$330,$330,$330,$335,$335,$330,$330,$330,$330,$330,$330,$330,$330,$330,$330,$330,$330,$330,$340,$340,$340,$345,$345,$350,$350,$350,$360,$360,$360,$370,$370,$370,$370,$370,$370,$375,$380,$375,$380,$380,$380,$380,$380
Northcote,$190,$190,$200,$200,$210,$210,$210,$215,$220,$230,$230,$230,$230,$220,$220,$230,$233,$240,$240,$250,$245,$250,$250,$250,$260,$260,$265,$270,$280,798,$285,802,$300,$310,$320,$340,$350,$370,$370,$375,$380,$380,$390,$390,$400,$400,$400,$410,$410,$420,$430,$430,$430,$430,$425,$440,$440,$440,$440,$450,$450,$450,$450,$450,$450,$450,$450,$450,$440,$450,$460,$460,$470,$475,$480,$495,$500,$500,$500,$500,$500,$500,$500,$500,$500,$500,$500,$490,$495
Preston,$165,$170,$170,$175,$175,$175,$180,$180,$185,$185,$185,$190,$190,$190,$195,$195,$200,$200,$200,$200,$200,$210,$210,$215,$220,$220,$220,$230,$235,928,$250,928,$250,$260,$270,$280,$295,$300,$320,$320,$320,$330,$330,$330,$340,$350,$350,$350,$350,$350,$358,$350,$350,$350,$350,$355,$355,$360,$360,$360,$365,$370,$370,$370,$370,$380,$380,$380,$380,$390,$390,$395,$400,$400,$410,$413,$420,$420,$420,$430,$420,$430,$425,$420,$425,$420,$420,$410,$400
Reservoir,$160,$160,$165,$165,$165,$165,$170,$170,$170,$175,$175,$180,$180,$180,$180,$180,$185,$185,$185,$190,$185,$190,$190,$190,$195,$200,$200,$201,$210,"1,391",$215,"1,378",$220,$230,$240,$250,$260,$270,$280,$280,$280,$290,$290,$300,$300,$300,$310,$310,$310,$315,$315,$315,$310,$310,$320,$320,$320,$320,$320,$320,$320,$329,$330,$330,$330,$330,$340,$340,$340,$345,$350,$350,$350,$360,$360,$370,$370,$370,$380,$380,$380,$380,$380,$380,$385,$385,$380,$380,$380
Thomastown-Lalor,$160,$160,$160,$160,$160,$165,$165,$170,$170,$173,$175,$175,$180,$180,$180,$180,$183,$185,$185,$185,$190,$190,$190,$190,$190,$195,$200,$200,$200,689,$210,692,$220,$220,$230,$240,$250,$250,$265,$275,$280,$280,$290,$290,$300,$300,$300,$300,$300,$300,$305,$300,$309,$305,$300,$310,$310,$310,$310,$310,$320,$320,$320,$320,$320,$320,$325,$330,$330,$330,$340,$340,$340,$350,$350,$350,$360,$360,$360,$360,$360,$360,$365,$365,$360,$360,$360,$360,$360
Thornbury,$150,$150,$160,$160,$160,$165,$170,$170,$170,$170,$175,$175,$175,$180,$180,$185,$185,$185,$180,$180,$180,$185,$190,$190,$190,$200,$200,$205,$210,895,$210,838,$221,$240,$250,$260,$270,$280,$290,$295,$290,$300,$300,$300,$310,$301,$300,$300,$300,$320,$330,$340,$340,$330,$330,$330,$330,$330,$338,$340,$340,$350,$350,$350,$350,$360,$360,$365,$365,$365,$375,$370,$390,$400,$405,$410,$420,$420,$420,$420,$425,$420,$430,$420,$420,$420,$410,$400,$400
Whittlesea,$150,$150,$155,$170,$163,$170,$165,$170,$175,$180,$180,$190,$195,$200,$200,$200,$200,$210,$210,$210,$210,$210,$213,$225,$230,$240,$240,$240,$240,170,$250,163,$250,$265,$271,$285,$300,$301,$318,$320,$320,$320,$325,$330,$335,$340,$350,$350,$350,$350,$345,$335,$330,$330,$330,$330,$330,$330,$330,$330,$330,$330,$335,$340,$340,$340,$340,$340,$350,$350,$350,$350,$360,$360,$365,$370,$375,$380,$380,$380,$380,$390,$390,$390,$390,$390,$390,$390,$390
Bayswater,$155,$160,$165,$165,$170,$170,$170,$170,$170,$175,$175,$175,$175,$180,$180,$185,$185,$185,$180,$185,$190,$190,$195,$200,$200,$200,$200,$205,$210,468,$220,452,$228,$235,$240,$250,$260,$260,$275,$280,$280,$280,$285,$290,$298,$310,$310,$316,$320,$320,$320,$320,$320,$320,$320,$320,$330,$335,$335,$335,$340,$340,$340,$345,$350,$350,$350,$350,$350,$350,$355,$360,$368,$370,$375,$380,$380,$380,$385,$390,$390,$390,$390,$390,$390,$390,$390,$400,$400
Boronia,$165,$165,$170,$170,$175,$180,$180,$180,$180,$180,$185,$185,$185,$190,$190,$190,$190,$190,$195,$200,$200,$205,$210,$210,$210,$215,$220,$225,$230,599,$230,592,$240,$250,$250,$260,$270,$270,$280,$285,$290,$295,$300,$310,$311,$320,$320,$320,$320,$330,$330,$330,$325,$325,$330,$330,$330,$340,$340,$340,$340,$340,$350,$350,$350,$350,$350,$350,$350,$360,$360,$360,$370,$370,$380,$380,$385,$390,$390,$390,$390,$390,$390,$390,$395,$395,$395,$395,$400
Croydon-Lilydale,$166,$170,$170,$175,$180,$180,$180,$180,$185,$185,$190,$190,$190,$190,$195,$195,$200,$200,$200,$200,$200,$205,$210,$210,$215,$220,$220,$225,$230,"1,938",$230,"1,894",$240,$248,$250,$260,$275,$280,$290,$290,$300,$300,$300,$310,$315,$320,$330,$330,$330,$340,$340,$340,$340,$340,$340,$340,$340,$345,$350,$350,$350,$352,$360,$360,$360,$365,$370,$370,$375,$380,$380,$380,$385,$390,$395,$400,$400,$400,$400,$410,$410,$410,$410,$410,$420,$420,$420,$425,$430
Ferntree Gully,$170,$175,$175,$178,$180,$180,$180,$180,$185,$185,$185,$190,$190,$191,$195,$195,$195,$195,$195,$200,$200,$200,$205,$210,$210,$215,$220,$220,$230,430,$230,438,$240,$250,$250,$260,$270,$280,$280,$290,$290,$295,$300,$310,$320,$320,$320,$320,$330,$330,$325,$320,$320,$325,$330,$335,$340,$340,$340,$340,$345,$350,$350,$350,$350,$360,$370,$370,$370,$370,$380,$380,$390,$395,$395,$400,$400,$400,$400,$400,$400,$410,$413,$420,$420,$420,$420,$420,$420
Ringwood,$165,$165,$165,$170,$170,$175,$175,$180,$180,$185,$185,$190,$190,$190,$190,$190,$190,$195,$195,$200,$200,$200,$205,$210,$210,$215,$220,$220,$230,"1,166",$230,"1,157",$240,$245,$250,$260,$270,$280,$285,$290,$290,$300,$300,$310,$320,$320,$320,$321,$330,$330,$335,$335,$330,$330,$330,$330,$335,$340,$340,$345,$350,$350,$350,$360,$360,$360,$360,$365,$370,$370,$380,$380,$380,$385,$385,$390,$395,$400,$400,$400,$400,$400,$410,$410,$415,$415,$410,$410,$410
Rowville,$200,$200,$210,$210,$210,$215,$215,$220,$220,$225,$230,$230,$235,$240,$240,$240,$240,$241,$250,$250,$250,$250,$255,$260,$270,$270,$280,$281,$285,430,$290,462,$293,$300,$310,$320,$340,$340,$340,$340,$340,$343,$350,$360,$360,$370,$380,$380,$380,$380,$390,$390,$390,$395,$395,$400,$400,$400,$400,$400,$400,$400,$400,$400,$410,$410,$420,$420,$420,$420,$435,$440,$440,$441,$440,$445,$450,$450,$450,$450,$450,$450,$450,$450,$450,$460,$460,$460,$470
Wantirna-Scoresby,$200,$200,$200,$205,$210,$210,$210,$215,$215,$220,$220,$220,$225,$225,$225,$230,$230,$230,$230,$230,$235,$240,$240,$240,$245,$250,$250,$250,$260,663,$260,620,$270,$280,$290,$300,$310,$320,$330,$330,$330,$330,$340,$350,$350,$350,$360,$355,$360,$360,$362,$365,$365,$370,$370,$370,$375,$375,$380,$380,$380,$380,$390,$395,$395,$400,$400,$400,$400,$400,$410,$420,$420,$430,$430,$430,$440,$440,$445,$440,$440,$440,$440,$440,$445,$445,$450,$450,$450
Yarra Ranges,$150,$150,$155,$155,$160,$160,$165,$165,$165,$170,$170,$175,$175,$180,$180,$185,$190,$190,$195,$195,$195,$200,$200,$200,$205,$210,$210,$215,$220,"1,234",$220,"1,223",$225,$230,$240,$245,$250,$260,$270,$270,$280,$280,$285,$293,$295,$300,$310,$310,$320,$320,$320,$320,$320,$320,$330,$325,$330,$330,$330,$330,$335,$340,$340,$349,$350,$350,$350,$350,$350,$355,$360,$370,$370,$375,$380,$380,$383,$390,$390,$395,$400,$400,$400,$400,$400,$400,$400,$415,$420
Berwick,$185,$185,$190,$190,$195,$200,$200,$200,$200,$200,$200,$210,$210,$210,$210,$210,$211,$215,$220,$220,$220,$225,$225,$230,$230,$235,$240,$245,$246,"1,171",$250,"1,168",$251,$260,$270,$280,$291,$300,$310,$320,$320,$320,$325,$330,$340,$340,$350,$350,$350,$350,$350,$350,$350,$350,$350,$350,$350,$350,$353,$360,$360,$360,$364,$365,$370,$375,$380,$380,$380,$380,$390,$390,$390,$390,$390,$400,$400,$400,$400,$395,$395,$395,$395,$400,$400,$400,$400,$410,$410
Cranbourne,$155,$155,$155,$155,$160,$160,$160,$160,$160,$165,$165,$165,$165,$170,$170,$175,$175,$180,$180,$180,$185,$185,$190,$190,$195,$200,$200,$210,$215,"1,111",$220,"1,136",$230,$235,$240,$250,$260,$260,$270,$270,$275,$280,$280,$290,$295,$300,$310,$315,$320,$320,$320,$325,$330,$330,$330,$330,$335,$340,$340,$340,$350,$350,$350,$350,$350,$355,$360,$360,$365,$370,$370,$375,$380,$380,$380,$380,$380,$380,$385,$390,$385,$385,$385,$390,$390,$395,$395,$400,$400
Dandenong,$130,$130,$130,$130,$135,$135,$140,$140,$140,$145,$145,$150,$150,$150,$150,$150,$153,$155,$155,$155,$160,$160,$160,$165,$165,$165,$170,$175,$180,"1,241",$180,"1,294",$190,$195,$210,$220,$229,$230,$240,$250,$250,$252,$260,$270,$270,$275,$280,$280,$280,$280,$280,$290,$290,$290,$290,$290,$295,$300,$300,$300,$300,$310,$310,$300,$310,$315,$315,$320,$320,$320,$330,$330,$335,$335,$340,$340,$350,$350,$350,$350,$350,$350,$350,$350,$350,$350,$350,$350,$350
Dandenong North-Endeavour Hills,$160,$160,$160,$160,$165,$165,$170,$170,$170,$170,$175,$175,$175,$175,$175,$180,$180,$180,$185,$185,$190,$190,$190,$190,$195,$200,$200,$200,$210,857,$210,807,$220,$225,$230,$240,$250,$258,$270,$270,$275,$280,$280,$285,$290,$300,$300,$300,$300,$300,$300,$300,$300,$300,$300,$300,$310,$310,$310,$315,$320,$320,$320,$320,$320,$325,$330,$330,$330,$335,$340,$340,$345,$350,$350,$350,$355,$355,$358,$360,$360,$360,$360,$360,$360,$360,$360,$360,$365
Narre Warren-Hampton Park,$165,$165,$170,$170,$170,$175,$175,$175,$180,$180,$180,$185,$185,$185,$190,$190,$190,$195,$195,$200,$200,$200,$205,$210,$210,$210,$215,$220,$221,"1,620",$230,"1,579",$235,$240,$250,$250,$260,$270,$280,$280,$290,$290,$300,$300,$310,$320,$320,$320,$320,$330,$330,$330,$330,$330,$330,$330,$330,$330,$330,$340,$340,$340,$340,$340,$344,$345,$350,$350,$350,$360,$360,$360,$360,$370,$370,$370,$375,$380,$380,$380,$380,$380,$380,$380,$380,$380,$385,$390,$395
Noble Park,$140,$140,$140,$145,$145,$145,$145,$145,$150,$150,$150,$150,$155,$155,$160,$160,$160,$160,$165,$165,$165,$170,$170,$170,$175,$175,$180,$185,$190,"1,056",$195,"1,073",$200,$210,$220,$230,$240,$250,$260,$270,$270,$270,$275,$280,$288,$290,$290,$290,$290,$295,$290,$295,$293,$295,$300,$300,$300,$300,$300,$300,$300,$305,$310,$310,$310,$320,$320,$320,$320,$325,$330,$330,$340,$340,$345,$350,$350,$350,$350,$350,$360,$360,$360,$360,$360,$360,$360,$355,$360
Pakenham,$155,$155,$160,$160,$160,$165,$165,$165,$165,$165,$170,$170,$175,$175,$175,$180,$180,$185,$185,$190,$190,$190,$195,$195,$200,$200,$200,$205,$210,"1,223",$215,"1,247",$220,$225,$235,$245,$250,$260,$270,$270,$270,$275,$280,$285,$290,$300,$300,$300,$309,$310,$310,$310,$310,$305,$300,$300,$305,$310,$310,$310,$315,$315,$315,$320,$320,$320,$330,$330,$330,$335,$340,$340,$340,$350,$350,$350,$350,$350,$350,$350,$355,$355,$355,$350,$350,$360,$360,$365,$370
Springvale,$145,$145,$145,$150,$150,$150,$150,$155,$155,$160,$160,$160,$165,$165,$165,$170,$170,$170,$170,$175,$175,$175,$175,$180,$180,$187,$190,$200,$200,"1,046",$210,"1,032",$220,$221,$240,$250,$260,$270,$280,$280,$285,$290,$300,$300,$300,$300,$300,$305,$310,$320,$320,$320,$320,$315,$320,$320,$320,$320,$325,$330,$330,$330,$335,$340,$346,$350,$350,$350,$350,$360,$360,$365,$370,$375,$380,$380,$380,$385,$390,$390,$395,$400,$395,$400,$400,$391,$390,$390,$390
Dromana-Portsea,$135,$140,$140,$140,$145,$145,$150,$150,$155,$160,$160,$165,$165,$170,$170,$170,$170,$170,$170,$175,$175,$180,$180,$180,$180,$180,$180,$185,$190,"1,386",$195,"1,449",$200,$210,$220,$230,$240,$240,$250,$250,$250,$250,$260,$265,$270,$280,$280,$290,$290,$290,$290,$290,$295,$300,$300,$300,$300,$300,$300,$310,$310,$320,$320,$320,$325,$330,$330,$340,$340,$350,$350,$360,$360,$370,$370,$375,$375,$380,$380,$380,$385,$380,$385,$390,$395,$400,$420,$440,$450
Frankston,$150,$150,$150,$155,$155,$155,$160,$160,$160,$165,$165,$170,$170,$170,$175,$180,$180,$180,$180,$180,$185,$185,$190,$190,$190,$195,$195,$200,$200,"2,410",$210,"2,480",$215,$220,$230,$235,$240,$250,$250,$260,$260,$260,$265,$270,$280,$283,$290,$290,$295,$295,$295,$299,$295,$300,$300,$300,$300,$300,$300,$300,$305,$310,$310,$310,$320,$320,$325,$330,$330,$330,$335,$340,$350,$350,$350,$355,$360,$360,$360,$360,$362,$365,$370,$370,$370,$375,$375,$380,$390
Hastings-Flinders,$140,$145,$145,$150,$150,$150,$150,$155,$160,$165,$165,$170,$175,$175,$175,$180,$180,$180,$180,$185,$185,$185,$190,$190,$195,$200,$200,$200,$210,874,$210,882,$215,$220,$230,$235,$240,$250,$250,$260,$265,$270,$270,$275,$280,$280,$290,$300,$300,$300,$300,$300,$300,$300,$300,$300,$300,$305,$310,$310,$320,$320,$320,$320,$320,$325,$330,$340,$340,$340,$350,$350,$360,$360,$370,$370,$375,$375,$380,$385,$390,$395,$400,$400,$400,$420,$420,$420,$430
Mt Eliza-Mornington-Mt Martha,$170,$175,$180,$180,$185,$190,$190,$195,$200,$200,$210,$210,$215,$220,$220,$220,$225,$230,$230,$230,$230,$230,$235,$240,$240,$245,$250,$250,$255,"1,186",$260,"1,194",$260,$270,$285,$295,$300,$310,$310,$320,$320,$325,$330,$340,$350,$350,$360,$360,$370,$370,$370,$370,$375,$380,$380,$380,$390,$390,$390,$390,$395,$400,$400,$405,$410,$420,$420,$425,$425,$430,$450,$450,$450,$450,$450,$460,$465,$480,$480,$490,$490,$480,$490,$485,$496,$508,$520,$545,$550
Seaford-Carrum Downs,$150,$150,$155,$160,$160,$160,$165,$165,$170,$170,$175,$175,$180,$180,$180,$180,$185,$190,$190,$190,$195,$195,$200,$200,$200,$200,$205,$210,$211,"1,526",$220,"1,512",$220,$230,$235,$240,$250,$250,$260,$265,$270,$270,$280,$283,$290,$295,$300,$300,$310,$310,$310,$310,$310,$310,$315,$315,$319,$320,$320,$320,$320,$320,$325,$330,$330,$330,$340,$340,$345,$350,$350,$350,$350,$360,$360,$365,$370,$370,$370,$370,$370,$370,$375,$375,$380,$380,$380,$390,$400
Belmont-Grovedale,$150,$150,$150,$150,$155,$155,$155,$160,$160,$165,$165,$170,$170,$175,$175,$180,$180,$185,$185,$190,$190,$190,$195,$200,$200,$210,$215,$220,$220,"1,349",$220,"1,353",$230,$235,$240,$245,$250,$250,$260,$265,$270,$270,$270,$275,$280,$290,$300,$300,$305,$310,$310,$315,$320,$320,$325,$325,$320,$320,$320,$320,$320,$330,$330,$330,$330,$330,$330,$335,$340,$340,$350,$350,$350,$350,$360,$360,$365,$370,$375,$380,$380,$380,$380,$380,$388,$390,$395,$400,$410
Corio,$128,$130,$130,$130,$130,$130,$130,$135,$135,$135,$136,$140,$140,$145,$145,$145,$150,$150,$150,$150,$150,$155,$155,$155,$160,$160,$160,$160,$165,612,$165,594,$170,$170,$175,$180,$185,$190,$190,$195,$195,$200,$210,$210,$220,$225,$230,$230,$240,$240,$240,$245,$250,$250,$250,$250,$250,$250,$250,$250,$250,$250,$250,$250,$250,$250,$250,$250,$250,$250,$250,$255,$260,$260,$265,$270,$275,$280,$280,$285,$290,$295,$300,$300,$300,$300,$300,$300,$320
Geelong-Newcombe,$135,$140,$140,$140,$145,$145,$145,$150,$150,$155,$160,$160,$160,$160,$165,$170,$175,$175,$180,$180,$180,$183,$185,$185,$185,$185,$190,$195,$200,900,$200,892,$200,$210,$215,$220,$220,$230,$240,$245,$250,$250,$250,$260,$270,$270,$280,$280,$290,$290,$290,$290,$290,$292,$295,$295,$295,$295,$300,$300,$300,$300,$300,$300,$300,$300,$300,$310,$310,$310,$310,$310,$320,$320,$320,$325,$330,$330,$340,$340,$350,$350,$350,$350,$350,$360,$360,$370,$375
Herne Hill-Geelong West,$120,$120,$125,$125,$130,$130,$130,$135,$140,$140,$145,$145,$150,$150,$155,$160,$160,$160,$165,$165,$165,$170,$170,$170,$175,$178,$180,$180,$185,770,$195,757,$200,$200,$210,$215,$220,$220,$225,$230,$231,$240,$245,$250,$250,$260,$270,$270,$275,$270,$275,$280,$285,$290,$290,$290,$285,$290,$290,$298,$295,$295,$290,$290,$290,$290,$295,$300,$300,$300,$320,$320,$320,$325,$325,$328,$330,$335,$350,$350,$350,$360,$365,$360,$370,$365,$365,$370,$380
Lara,$160,$165,$165,$165,$170,$170,$170,$175,$175,$180,$180,$180,$180,$180,$185,$190,$195,$200,$200,$200,$200,$203,$210,$210,$210,$212,$215,$220,$225,302,$230,303,$235,$240,$240,$245,$250,$260,$260,$265,$265,$270,$270,$273,$280,$285,$290,$300,$300,$303,$305,$320,$320,$320,$325,$325,$325,$320,$323,$320,$320,$325,$325,$325,$330,$330,$330,$335,$340,$340,$340,$350,$350,$360,$360,$365,$380,$380,$385,$390,$390,$390,$400,$400,$400,$400,$400,$420,$430
Newtown,$140,$140,$145,$150,$150,$150,$150,$155,$160,$160,$160,$165,$165,$170,$170,$175,$175,$180,$180,$180,$190,$190,$195,$195,$195,$200,$200,$200,$200,467,$205,469,$215,$220,$230,$235,$240,$250,$250,$250,$260,$265,$270,$270,$275,$280,$285,$300,$300,$309,$310,$300,$300,$305,$300,$310,$305,$305,$310,$310,$315,$320,$320,$320,$320,$320,$320,$325,$330,$340,$350,$350,$350,$350,$350,$360,$370,$375,$375,$380,$380,$380,$390,$390,$390,$393,$400,$400,$410
North Geelong,$135,$135,$137,$138,$140,$145,$145,$150,$150,$150,$155,$160,$160,$160,$160,$165,$165,$170,$175,$175,$180,$180,$180,$185,$185,$190,$190,$190,$200,531,$200,546,$200,$205,$210,$220,$230,$235,$240,$240,$240,$250,$250,$260,$265,$270,$275,$275,$280,$285,$295,$300,$295,$300,$295,$295,$295,$295,$295,$300,$300,$300,$300,$310,$310,$310,$310,$310,$310,$310,$315,$320,$324,$330,$332,$340,$340,$340,$345,$350,$350,$350,$350,$350,$360,$360,$360,$375,$385
Ballarat,$135,$135,$138,$140,$140,$140,$140,$145,$150,$150,$150,$155,$160,$160,$160,$165,$170,$170,$170,$175,$175,$180,$180,$180,$180,$180,$185,$185,$185,666,$185,526,$190,$190,$200,$200,$210,$210,$215,$220,$220,$220,$225,$230,$230,$235,$240,$240,$245,$250,$250,$250,$250,$260,$260,$260,$260,$260,$260,$260,$260,$265,$265,$265,$265,$265,$265,$265,$265,$270,$270,$275,$275,$280,$280,$285,$290,$295,$300,$310,$310,$313,$315,$315,$320,$320,$320,$330,$335
Mount Clear-Buninyong,$140,$140,$140,$140,$140,$145,$150,$150,$160,$160,$160,$160,$160,$165,$170,$170,$175,$175,$180,$180,$180,$180,$180,$180,$185,$185,$185,$190,$190,"1,414",$190,"1,549",$195,$195,$200,$200,$210,$220,$230,$240,$240,$248,$250,$250,$260,$260,$275,$278,$280,$285,$300,$300,$300,$300,$290,$290,$290,$295,$300,$300,$300,$300,$300,$300,$300,$300,$310,$320,$318,$310,$310,$310,$310,$315,$320,$320,$330,$333,$330,$340,$340,$350,$350,$350,$350,$350,$350,$350,$365
Sebastopol-Delacombe,$130,$130,$130,$130,$135,$135,$135,$135,$140,$140,$142,$150,$150,$150,$150,$150,$160,$160,$160,$160,$165,$165,$170,$170,$170,$170,$173,$175,$180,497,$180,495,$180,$180,$185,$190,$190,$195,$200,$200,$210,$210,$210,$220,$220,$220,$230,$230,$240,$245,$250,$250,$250,$250,$250,$250,$253,$255,$260,$260,$260,$260,$260,$260,$255,$255,$250,$255,$254,$255,$260,$255,$260,$265,$270,$275,$280,$280,$280,$290,$290,$300,$300,$310,$310,$320,$320,$330,$350
Wendouree-Alfredton,$130,$135,$135,$135,$140,$140,$140,$150,$150,$155,$160,$160,$165,$170,$170,$175,$180,$180,$180,$180,$180,$180,$180,$185,$185,$185,$185,$185,$190,803,$195,794,$195,$195,$200,$200,$210,$220,$230,$230,$230,$230,$230,$240,$240,$250,$250,$260,$260,$270,$270,$270,$265,$270,$270,$275,$279,$280,$280,$280,$280,$280,$280,$280,$285,$285,$285,$290,$290,$290,$290,$295,$295,$295,$300,$300,$305,$310,$320,$320,$330,$330,$340,$340,$340,$350,$350,$360,$370
Bendigo,$130,$130,$135,$135,$135,$140,$140,$140,$145,$145,$145,$150,$155,$160,$161,$165,$165,$165,$170,$175,$175,$180,$180,$175,$180,$180,$185,$190,$190,973,$190,"1,068",$195,$200,$200,$210,$210,$210,$215,$215,$220,$225,$230,$231,$240,$240,$250,$258,$260,$260,$265,$265,$275,$275,$275,$275,$273,$270,$270,$275,$270,$280,$280,$280,$278,$280,$275,$270,$270,$270,$273,$275,$280,$280,$280,$280,$290,$300,$300,$300,$310,$320,$320,$330,$340,$340,$340,$350,$350
Flora Hill-Bendigo East,$140,$140,$140,$145,$145,$145,$150,$150,$155,$160,$160,$160,$170,$170,$175,$180,$180,$180,$185,$190,$190,$190,$190,$195,$195,$200,$200,$200,$210,875,$200,799,$210,$210,$210,$210,$212,$220,$220,$223,$230,$230,$235,$240,$240,$250,$250,$260,$260,$270,$275,$280,$275,$270,$275,$270,$275,$280,$280,$280,$280,$275,$275,$275,$270,$275,$270,$270,$275,$280,$280,$280,$280,$285,$290,$290,$290,$295,$295,$300,$300,$300,$310,$320,$320,$320,$330,$340,$350
Golden Square-Kangaroo Flat,$145,$145,$145,$148,$150,$150,$150,$150,$150,$155,$155,$160,$160,$165,$170,$175,$180,$180,$185,$185,$190,$190,$190,$190,$190,$190,$195,$200,$200,599,$200,589,$200,$210,$210,$210,$210,$213,$220,$220,$220,$230,$230,$235,$240,$245,$250,$250,$260,$263,$270,$270,$280,$280,$280,$280,$280,$280,$280,$280,$280,$280,$280,$280,$280,$280,$280,$275,$280,$280,$280,$280,$284,$285,$290,$295,$300,$300,$300,$300,$310,$310,$318,$320,$330,$330,$330,$340,$350
North Bendigo,$130,$135,$135,$135,$140,$140,$135,$140,$140,$145,$150,$150,$155,$160,$160,$165,$165,$170,$170,$170,$175,$175,$175,$180,$180,$180,$185,$185,$190,550,$190,545,$195,$200,$200,$200,$200,$210,$212,$215,$220,$220,$225,$230,$230,$240,$240,$250,$250,$260,$260,$270,$270,$275,$280,$280,$280,$285,$280,$280,$280,$275,$280,$280,$280,$280,$280,$280,$280,$280,$280,$280,$280,$280,$285,$290,$290,$295,$300,$300,$300,$305,$310,$315,$320,$330,$330,$345,$350
Bairnsdale,$125,$125,$130,$130,$130,$135,$130,$135,$135,$135,$140,$140,$145,$147,$150,$155,$160,$165,$170,$170,$170,$170,$180,$180,$180,$180,$180,$180,$185,291,$190,286,$190,$185,$190,$200,$200,$210,$210,$210,$210,$210,$220,$220,$230,$240,$240,$248,$250,$250,$250,$250,$260,$260,$260,$260,$260,$260,$260,$260,$265,$270,$270,$270,$275,$275,$275,$280,$275,$280,$280,$280,$280,$280,$290,$290,$290,$295,$300,$300,$300,$300,$310,$300,$300,$310,$320,$330,$340
Benalla,$120,$120,$125,$130,$130,$130,$130,$130,$130,$135,$140,$150,$150,$150,$150,$156,$160,$160,$160,$170,$170,$170,$170,$170,$170,$180,$180,$180,$180,359,$180,377,$180,$180,$180,$180,$185,$190,$187,$190,$190,$190,$200,$200,$200,$200,$200,$200,$205,$210,$210,$215,$213,$210,$210,$210,$215,$220,$220,$230,$230,$225,$230,$230,$230,$230,$230,$230,$230,$233,$240,$240,$240,$250,$250,$250,$250,$260,$270,$280,$300,$300,$300,$310,$310,$310,$320,$330,$350
Castlemaine,$125,$125,$125,$130,$130,$135,$140,$140,$140,$140,$145,$150,$150,$150,$155,$160,$160,$165,$170,$175,$180,$180,$180,$180,$180,$180,$185,$185,$190,325,$195,332,$200,$200,$200,$210,$210,$210,$220,$220,$220,$220,$225,$235,$240,$250,$258,$260,$270,$280,$280,$280,$280,$285,$295,$300,$300,$300,$300,$305,$300,$300,$300,$300,$300,$305,$300,$310,$310,$310,$320,$310,$320,$320,$320,$325,$330,$330,$330,$330,$330,$340,$350,$345,$350,$350,$350,$375,$375
Echuca,$150,$155,$155,$160,$160,$160,$160,$160,$165,$165,$170,$170,$175,$180,$180,$180,$180,$185,$185,$185,$185,$185,$190,$190,$190,$190,$194,$195,$200,565,$200,561,$200,$210,$210,$210,$220,$215,$220,$220,$220,$220,$220,$225,$230,$230,$230,$230,$230,$240,$240,$250,$250,$250,$250,$250,$255,$260,$260,$268,$270,$270,$280,$280,$280,$280,$280,$280,$290,$300,$300,$300,$295,$290,$300,$300,$310,$300,$310,$315,$320,$328,$330,$340,$340,$350,$355,$360,$355
Hamilton,$110,$110,$110,$110,$105,$100,$110,$110,$110,$110,$110,$110,$120,$120,$120,$130,$140,$150,$150,$160,$170,$180,$180,$185,$190,$190,$190,$190,$185,346,$183,314,$180,$180,$180,$180,$185,$190,$190,$200,$200,$200,$200,$200,$210,$210,$200,$210,$220,$230,$230,$230,$230,$230,$230,$230,$230,$230,$231,$230,$231,$235,$230,$230,$230,$230,$230,$230,$230,$230,$230,$230,$230,$235,$240,$240,$240,$240,$250,$260,$265,$268,$270,$270,$270,$273,$280,$280,$290
Horsham,$120,$120,$120,$125,$125,$125,$125,$125,$130,$130,$130,$135,$140,$140,$145,$145,$150,$150,$150,$155,$155,$155,$155,$155,$160,$160,$160,$160,$165,619,$165,623,$165,$165,$170,$170,$175,$175,$175,$180,$180,$183,$185,$190,$190,$195,$195,$200,$200,$210,$220,$215,$220,$225,$230,$230,$235,$235,$240,$240,$250,$250,$250,$250,$250,$250,$250,$250,$250,$250,$255,$260,$260,$260,$260,$260,$265,$265,$270,$275,$275,$275,$275,$275,$280,$285,$290,$300,$315
Mildura,$140,$145,$145,$145,$150,$150,$150,$150,$150,$150,$155,$160,$160,$160,$160,$160,$165,$165,$170,$170,$175,$175,$175,$175,$180,$180,$180,$185,$190,"1,410",$190,"1,399",$190,$195,$195,$200,$200,$200,$200,$200,$200,$200,$200,$200,$205,$205,$210,$210,$220,$220,$220,$225,$230,$230,$235,$240,$240,$240,$245,$250,$250,$250,$260,$260,$260,$265,$270,$270,$270,$273,$280,$280,$280,$280,$280,$280,$280,$290,$295,$300,$300,$310,$310,$310,$310,$320,$320,$330,$340
Moe-Newborough,$95,$90,$90,$90,$90,$90,$90,$90,$90,$90,$95,$95,$95,$100,$100,$100,$105,$105,$108,$110,$110,$110,$120,$118,$120,$120,$120,$120,$120,543,$130,535,$130,$135,$135,$130,$135,$138,$140,$140,$145,$150,$150,$160,$160,$165,$170,$178,$180,$180,$180,$175,$180,$180,$190,$190,$190,$190,$190,$190,$195,$195,$200,$210,$200,$200,$200,$200,$200,$205,$210,$205,$210,$210,$210,$210,$210,$218,$220,$228,$230,$230,$240,$248,$250,$250,$250,$260,$270
Morwell,$100,$100,$100,$100,$100,$100,$100,$100,$100,$100,$105,$110,$110,$115,$120,$120,$120,$120,$120,$125,$125,$125,$130,$125,$130,$130,$130,$130,$130,693,$135,707,$135,$140,$140,$140,$140,$140,$145,$150,$150,$150,$155,$160,$160,$165,$165,$170,$173,$175,$175,$175,$180,$180,$180,$185,$185,$188,$185,$185,$190,$190,$195,$195,$195,$200,$200,$200,$200,$200,$200,$200,$200,$205,$210,$210,$210,$210,$215,$220,$225,$230,$225,$230,$230,$230,$240,$250,$250
Ocean Grove-Barwon Heads,$150,$150,$150,$155,$155,$160,$160,$165,$170,$170,$175,$175,$175,$180,$180,$180,$180,$185,$185,$190,$195,$195,$200,$200,$200,$210,$218,$220,$220,473,$225,472,$230,$240,$250,$260,$270,$280,$280,$290,$300,$295,$300,$300,$300,$310,$320,$330,$335,$348,$350,$350,$350,$350,$350,$350,$350,$350,$350,$350,$350,$350,$350,$350,$350,$360,$360,$360,$370,$370,$378,$380,$380,$390,$393,$400,$400,$400,$420,$420,$423,$430,$430,$420,$425,$435,$450,$480,$500
Portland,$110,$110,$110,$110,$110,$110,$115,$120,$120,$125,$125,$125,$130,$135,$140,$145,$149,$150,$150,$155,$160,$160,$160,$160,$165,$170,$170,$180,$180,369,$180,372,$180,$180,$190,$195,$200,$200,$200,$200,$200,$200,$200,$200,$200,$203,$210,$210,$210,$210,$220,$225,$230,$230,$230,$230,$230,$230,$230,$230,$230,$230,$230,$230,$230,$230,$230,$230,$230,$230,$230,$230,$240,$240,$240,$250,$250,$260,$260,$265,$270,$280,$290,$300,$300,$310,$320,$350,$350
Sale-Maffra,$120,$120,$120,$120,$120,$120,$120,$120,$120,$125,$125,$130,$130,$130,$130,$135,$140,$140,$145,$145,$150,$150,$150,$150,$152,$155,$155,$160,$165,640,$170,653,$175,$175,$180,$185,$190,$200,$200,$200,$210,$210,$220,$220,$220,$220,$225,$230,$230,$239,$240,$240,$240,$240,$245,$245,$250,$250,$250,$255,$260,$260,$265,$270,$280,$280,$280,$280,$270,$273,$270,$270,$270,$265,$270,$270,$265,$270,$275,$280,$285,$290,$290,$295,$300,$310,$320,$330,$340
Seymour,$125,$125,$125,$125,$129,$130,$130,$130,$130,$130,$130,$135,$135,$135,$135,$140,$145,$145,$145,$148,$150,$150,$150,$150,$150,$155,$155,$155,$160,245,$160,248,$160,$160,$165,$165,$170,$170,$180,$180,$180,$175,$170,$180,$180,$185,$190,$200,$210,$210,$220,$215,$208,$200,$200,$211,$220,$220,$220,$220,$220,$240,$245,$250,$243,$248,$250,$250,$250,$250,$250,$260,$260,$265,$265,$273,$270,$278,$280,$280,$290,$290,$293,$300,$300,$300,$300,$300,$300
Shepparton,$140,$145,$145,$145,$145,$150,$150,$150,$155,$155,$160,$160,$165,$165,$165,$165,$165,$165,$170,$170,$175,$175,$175,$180,$180,$180,$180,$180,$185,"1,624",$190,"1,605",$190,$190,$190,$195,$200,$200,$200,$205,$210,$210,$210,$220,$225,$225,$230,$230,$230,$240,$240,$245,$245,$250,$250,$250,$250,$250,$250,$250,$260,$260,$260,$260,$260,$260,$260,$260,$265,$270,$270,$270,$270,$270,$275,$275,$280,$280,$280,$283,$285,$290,$290,$290,$300,$300,$300,$310,$320
Swan Hill,$130,$135,$135,$140,$140,$140,$135,$140,$140,$140,$140,$145,$145,$150,$150,$150,$150,$150,$150,$150,$155,$160,$160,$160,$165,$165,$165,$170,$175,376,$170,376,$180,$180,$180,$190,$190,$190,$190,$190,$195,$200,$200,$200,$200,$205,$210,$210,$210,$210,$210,$215,$215,$215,$220,$220,$220,$220,$220,$223,$225,$225,$225,$228,$230,$230,$230,$240,$240,$240,$245,$245,$240,$245,$245,$250,$250,$250,$258,$260,$260,$260,$260,$270,$280,$280,$295,$295,$295
Torquay,$155,$160,$165,$170,$170,$175,$180,$180,$190,$190,$190,$200,$210,$210,$215,$210,$220,$220,$220,$225,$225,$240,$250,$250,$258,$260,$270,$270,$275,500,$275,487,$280,$280,$295,$300,$300,$310,$325,$333,$330,$350,$350,$350,$360,$360,$380,$385,$385,$395,$390,$390,$390,$390,$390,$390,$400,$400,$400,$400,$400,$410,$415,$420,$425,$430,$430,$450,$450,$450,$450,$460,$460,$470,$480,$480,$495,$495,$500,$500,$500,$500,$500,$500,$500,$510,$520,$550,$550
Traralgon,$125,$120,$125,$125,$125,$125,$130,$125,$130,$130,$130,$140,$145,$150,$150,$155,$158,$160,$160,$160,$165,$170,$165,$170,$170,$170,$180,$180,$180,884,$185,906,$190,$190,$200,$200,$210,$213,$220,$220,$225,$230,$230,$230,$230,$240,$245,$250,$250,$250,$250,$250,$250,$250,$255,$250,$260,$260,$260,$260,$265,$270,$270,$270,$270,$270,$270,$270,$270,$270,$270,$275,$280,$280,$280,$275,$280,$280,$280,$285,$290,$295,$300,$300,$310,$320,$330,$340,$350
Wanagaratta,$125,$125,$130,$130,$130,$130,$130,$135,$135,$135,$135,$135,$140,$140,$145,$145,$150,$150,$160,$155,$160,$160,$165,$165,$170,$170,$175,$175,$180,634,$180,618,$180,$185,$185,$185,$190,$190,$195,$195,$195,$200,$200,$205,$210,$210,$210,$215,$220,$220,$220,$220,$220,$225,$230,$230,$240,$240,$240,$250,$250,$250,$250,$250,$250,$250,$260,$260,$260,$260,$260,$265,$270,$270,$270,$270,$277,$280,$280,$290,$289,$290,$290,$300,$300,$310,$320,$330,$350
Warragul,$130,$135,$135,$135,$135,$135,$140,$145,$150,$150,$155,$155,$160,$160,$165,$170,$170,$175,$170,$180,$180,$180,$185,$185,$185,$185,$190,$190,$190,436,$190,417,$195,$198,$200,$200,$201,$210,$210,$220,$220,$230,$230,$230,$240,$240,$250,$250,$250,$250,$260,$260,$260,$260,$260,$270,$270,$270,$270,$270,$272,$280,$280,$280,$280,$280,$290,$290,$295,$300,$300,$300,$310,$310,$320,$320,$325,$330,$340,$350,$350,$348,$350,$350,$360,$380,$375,$380,$390
Warrnambool,$130,$135,$135,$135,$140,$140,$140,$145,$145,$150,$150,$155,$160,$160,$165,$170,$170,$180,$180,$185,$190,$190,$195,$200,$200,$200,$203,$210,$210,"1,204",$210,"1,195",$210,$220,$220,$220,$220,$230,$231,$240,$240,$250,$250,$260,$270,$270,$280,$280,$280,$285,$285,$285,$280,$280,$280,$280,$280,$280,$280,$280,$280,$280,$280,$280,$290,$290,$290,$290,$285,$290,$290,$290,$294,$295,$300,$300,$300,$300,$310,$320,$330,$330,$340,$340,$340,$350,$350,$360,$370
Wodonga,$145,$145,$150,$150,$150,$150,$150,$150,$150,$155,$155,$160,$160,$165,$170,$175,$175,$180,$185,$185,$190,$190,$190,$200,$200,$210,$210,$220,$215,"1,312",$220,"1,307",$220,$220,$225,$225,$230,$230,$230,$230,$235,$240,$240,$240,$240,$245,$250,$250,$250,$250,$260,$260,$260,$265,$270,$270,$270,$270,$275,$280,$280,$285,$285,$285,$290,$290,$290,$290,$290,$290,$295,$300,$300,$300,$300,$300,$300,$310,$310,$320,$320,$325,$330,$330,$330,$330,$340,$350,$360